AphiaID,species,ecoregion,List
151802,Acipenser oxyrinchus,Baltic Sea,Fish
126279,Acipenser sturio,Greater North Sea,Fish
126279,Acipenser sturio,Celtic Seas,Fish
126279,Acipenser sturio,Bay of Biscay and the Iberian Coast,Fish
105807,Apristurus laurussonii,Greenland Sea,Fish
105807,Apristurus laurussonii,Icelandic Waters,Fish
105807,Apristurus laurussonii,Faroes ,Fish
105807,Apristurus laurussonii,Celtic Seas,Fish
105807,Apristurus laurussonii,Oceanic Northeast Atlantic,Fish
137128,Alca torda,Barents Sea,Birds 
137128,Alca torda,Norwegian Sea,Birds 
137128,Alca torda,Faroes ,Birds 
137128,Alca torda,Icelandic Waters,Birds 
137128,Alca torda,Greenland Sea,Birds 
137128,Alca torda,Oceanic Northeast Atlantic,Birds 
137128,Alca torda,Bay of Biscay and the Iberian Coast,Birds 
137128,Alca torda,Celtic Seas,Birds 
137128,Alca torda,Greater North Sea,Birds 
137128,Alca torda,Baltic Sea,Birds 
105863,Amblyraja hyperborea,ArcticOcean,Fish
105863,Amblyraja hyperborea,Greenland Sea,Fish
105863,Amblyraja hyperborea,Barents Sea,Fish
105863,Amblyraja hyperborea,Norwegian Sea,Fish
105863,Amblyraja hyperborea,Icelandic Waters,Fish
105863,Amblyraja hyperborea,Faroes ,Fish
105865,Amblyraja radiata,Greenland Sea,Fish
105865,Amblyraja radiata,Faroes ,Fish
105865,Amblyraja radiata,Celtic Seas,Fish
126682,Alepocephalus bairdii,Greenland Sea,Fish
126682,Alepocephalus bairdii,Faroes ,Fish
126682,Alepocephalus bairdii,Celtic Seas,Fish
126682,Alepocephalus bairdii,Oceanic Northeast Atlantic,Fish
126682,Alepocephalus bairdii,Bay of Biscay and the Iberian Coast,Fish
137129,Alle alle,Barents Sea,Birds 
137129,Alle alle,Norwegian Sea,Birds 
137129,Alle alle,Faroes ,Birds 
137129,Alle alle,Icelandic Waters,Birds 
137129,Alle alle,Greenland Sea,Birds 
137129,Alle alle,ArcticOcean,Birds 
137129,Alle alle,Oceanic Northeast Atlantic,Birds 
137129,Alle alle,Celtic Seas,Birds 
137129,Alle alle,Greater North Sea,Birds 
126757,Anarhichas denticulatus,Greenland Sea,Fish
126757,Anarhichas denticulatus,Barents Sea,Fish
126757,Anarhichas denticulatus,Norwegian Sea,Fish
126757,Anarhichas denticulatus,Icelandic Waters,Fish
126757,Anarhichas denticulatus,Faroes ,Fish
126757,Anarhichas denticulatus,Oceanic Northeast Atlantic,Fish
126758,Anarhichas lupus,Greenland Sea,Fish
126758,Anarhichas lupus,Barents Sea,Fish
126758,Anarhichas lupus,Norwegian Sea,Fish
126758,Anarhichas lupus,Faroes ,Fish
126758,Anarhichas lupus,Baltic Sea,Fish
126758,Anarhichas lupus,Greater North Sea,Fish
126758,Anarhichas lupus,Celtic Seas,Fish
126758,Anarhichas lupus,Oceanic Northeast Atlantic,Fish
126759,Anarhichas minor,Greenland Sea,Fish
126759,Anarhichas minor,Barents Sea,Fish
126759,Anarhichas minor,Norwegian Sea,Fish
126759,Anarhichas minor,Faroes ,Fish
126759,Anarhichas minor,Greater North Sea,Fish
126759,Anarhichas minor,Celtic Seas,Fish
126759,Anarhichas minor,Oceanic Northeast Atlantic,Fish
126413,Alosa alosa,Baltic Sea,Fish
126413,Alosa alosa,Greater North Sea,Fish
126413,Alosa alosa,Celtic Seas,Fish
126413,Alosa alosa,Bay of Biscay and the Iberian Coast,Fish
126415,Alosa fallax,Icelandic Waters,Fish
126415,Alosa fallax,Faroes ,Fish
126415,Alosa fallax,Baltic Sea,Fish
126415,Alosa fallax,Greater North Sea,Fish
126415,Alosa fallax,Celtic Seas,Fish
126415,Alosa fallax,Bay of Biscay and the Iberian Coast,Fish
105727,Apristurus,Greenland Sea,Fish
105727,Apristurus,Icelandic Waters,Fish
105727,Apristurus,Faroes ,Fish
105727,Apristurus,Celtic Seas,Fish
105727,Apristurus,Oceanic Northeast Atlantic,Fish
105727,Apristurus,Azores,Fish
105727,Apristurus,Bay of Biscay and the Iberian Coast,Fish
137201,Puffinus gravis,Norwegian Sea,Birds 
137201,Puffinus gravis,Faroes ,Birds 
137201,Puffinus gravis,Icelandic Waters,Birds 
137201,Puffinus gravis,Greenland Sea,Birds 
137201,Puffinus gravis,Oceanic Northeast Atlantic,Birds 
137201,Puffinus gravis,Azores,Birds 
137201,Puffinus gravis,Bay of Biscay and the Iberian Coast,Birds 
137201,Puffinus gravis,Celtic Seas,Birds 
137201,Puffinus gravis,Greater North Sea,Birds 
137202,Puffinus griseus,Norwegian Sea,Birds 
137202,Puffinus griseus,Faroes ,Birds 
137202,Puffinus griseus,Icelandic Waters,Birds 
137202,Puffinus griseus,Greenland Sea,Birds 
137202,Puffinus griseus,Oceanic Northeast Atlantic,Birds 
137202,Puffinus griseus,Azores,Birds 
137202,Puffinus griseus,Bay of Biscay and the Iberian Coast,Birds 
137202,Puffinus griseus,Celtic Seas,Birds 
137202,Puffinus griseus,Greater North Sea,Birds 
127007,Argyrosomus regius,Bay of Biscay and the Iberian Coast,Fish
232037,Aythya ferina,Norwegian Sea,Birds 
232037,Aythya ferina,Icelandic Waters,Birds 
232037,Aythya ferina,Bay of Biscay and the Iberian Coast,Birds 
232037,Aythya ferina,Celtic Seas,Birds 
232037,Aythya ferina,Greater North Sea,Birds 
232037,Aythya ferina,Baltic Sea,Birds 
159164,Aythya fuligula,Barents Sea,Birds 
159164,Aythya fuligula,Norwegian Sea,Birds 
159164,Aythya fuligula,Faroes ,Birds 
159164,Aythya fuligula,Icelandic Waters,Birds 
159164,Aythya fuligula,Azores,Birds 
159164,Aythya fuligula,Bay of Biscay and the Iberian Coast,Birds 
159164,Aythya fuligula,Celtic Seas,Birds 
159164,Aythya fuligula,Greater North Sea,Birds 
159164,Aythya fuligula,Baltic Sea,Birds 
159172,Aythya marila,Barents Sea,Birds 
159172,Aythya marila,Norwegian Sea,Birds 
159172,Aythya marila,Faroes ,Birds 
159172,Aythya marila,Icelandic Waters,Birds 
159172,Aythya marila,Bay of Biscay and the Iberian Coast,Birds 
159172,Aythya marila,Celtic Seas,Birds 
159172,Aythya marila,Greater North Sea,Birds 
159172,Aythya marila,Baltic Sea,Birds 
137086,Balaena mysticetus,Barents Sea,Mammals
137086,Balaena mysticetus,Norwegian Sea,Mammals
137086,Balaena mysticetus,Greenland Sea,Mammals
137086,Balaena mysticetus,ArcticOcean,Mammals
137087,Balaenoptera acutorostrata,Norwegian Sea,Mammals
137087,Balaenoptera acutorostrata,Faroes ,Mammals
137087,Balaenoptera acutorostrata,Icelandic Waters,Mammals
137087,Balaenoptera acutorostrata,Greenland Sea,Mammals
137087,Balaenoptera acutorostrata,ArcticOcean,Mammals
137087,Balaenoptera acutorostrata,Oceanic Northeast Atlantic,Mammals
137087,Balaenoptera acutorostrata,Azores,Mammals
137087,Balaenoptera acutorostrata,Bay of Biscay and the Iberian Coast,Mammals
137087,Balaenoptera acutorostrata,Celtic Seas,Mammals
137087,Balaenoptera acutorostrata,Greater North Sea,Mammals
137087,Balaenoptera acutorostrata,Baltic Sea,Mammals
137087,Balaenoptera acutorostrata,Barents Sea,Mammals
137088,Balaenoptera borealis,Barents Sea,Mammals
137088,Balaenoptera borealis,Norwegian Sea,Mammals
137088,Balaenoptera borealis,Faroes ,Mammals
137088,Balaenoptera borealis,Icelandic Waters,Mammals
137088,Balaenoptera borealis,Greenland Sea,Mammals
137088,Balaenoptera borealis,Oceanic Northeast Atlantic,Mammals
137088,Balaenoptera borealis,Azores,Mammals
137088,Balaenoptera borealis,Bay of Biscay and the Iberian Coast,Mammals
137088,Balaenoptera borealis,Celtic Seas,Mammals
137088,Balaenoptera borealis,Greater North Sea,Mammals
242603,Balaenoptera brydei,Oceanic Northeast Atlantic,Mammals
242603,Balaenoptera brydei,Azores,Mammals
137090,Balaenoptera musculus,Barents Sea,Mammals
137090,Balaenoptera musculus,Norwegian Sea,Mammals
137090,Balaenoptera musculus,Faroes ,Mammals
137090,Balaenoptera musculus,Icelandic Waters,Mammals
137090,Balaenoptera musculus,Greenland Sea,Mammals
137090,Balaenoptera musculus,ArcticOcean,Mammals
137090,Balaenoptera musculus,Oceanic Northeast Atlantic,Mammals
137090,Balaenoptera musculus,Azores,Mammals
137090,Balaenoptera musculus,Bay of Biscay and the Iberian Coast,Mammals
137090,Balaenoptera musculus,Celtic Seas,Mammals
137091,Balaenoptera physalus,Barents Sea,Mammals
137091,Balaenoptera physalus,Norwegian Sea,Mammals
137091,Balaenoptera physalus,Faroes ,Mammals
137091,Balaenoptera physalus,Icelandic Waters,Mammals
137091,Balaenoptera physalus,Greenland Sea,Mammals
137091,Balaenoptera physalus,ArcticOcean,Mammals
137091,Balaenoptera physalus,Oceanic Northeast Atlantic,Mammals
137091,Balaenoptera physalus,Azores,Mammals
137091,Balaenoptera physalus,Bay of Biscay and the Iberian Coast,Mammals
137091,Balaenoptera physalus,Celtic Seas,Mammals
137091,Balaenoptera physalus,Greater North Sea,Mammals
137091,Balaenoptera physalus,Baltic Sea,Mammals
126958,Bodianus scrofa,Azores,Fish
126783,Brama brama,Greenland Sea,Fish
126783,Brama brama,Norwegian Sea,Fish
126783,Brama brama,Icelandic Waters,Fish
126783,Brama brama,Faroes ,Fish
126783,Brama brama,Greater North Sea,Fish
126783,Brama brama,Celtic Seas,Fish
126783,Brama brama,Oceanic Northeast Atlantic,Fish
126783,Brama brama,Azores,Fish
126783,Brama brama,Bay of Biscay and the Iberian Coast,Fish
159197,Bucephala clangula,Barents Sea,Birds
159197,Bucephala clangula,Norwegian Sea,Birds
159197,Bucephala clangula,Faroes ,Birds
159197,Bucephala clangula,Icelandic Waters,Birds
159197,Bucephala clangula,Bay of Biscay and the Iberian Coast,Birds
159197,Bucephala clangula,Celtic Seas,Birds
159197,Bucephala clangula,Greater North Sea,Birds
159197,Bucephala clangula,Baltic Sea,Birds
1348497,Calonectris borealis,Oceanic Northeast Atlantic,Birds
1348497,Calonectris borealis,Azores,Birds
1348497,Calonectris borealis,Bay of Biscay and the Iberian Coast,Birds
1348497,Calonectris borealis,Celtic Seas,Birds
137194,Calonectris diomedea,Oceanic Northeast Atlantic,Birds
137194,Calonectris diomedea,Azores,Birds
137194,Calonectris diomedea,Bay of Biscay and the Iberian Coast,Birds
105789,Carcharhinus falciformis,Oceanic Northeast Atlantic,Fish
105789,Carcharhinus falciformis,Azores,Fish
105789,Carcharhinus falciformis,Bay of Biscay and the Iberian Coast,Fish
105794,Carcharhinus longimanus,Oceanic Northeast Atlantic,Fish
105794,Carcharhinus longimanus,Azores,Fish
105794,Carcharhinus longimanus,Bay of Biscay and the Iberian Coast,Fish
105838,Carcharodon carcharias,Oceanic Northeast Atlantic,Fish
105838,Carcharodon carcharias,Azores,Fish
105838,Carcharodon carcharias,Bay of Biscay and the Iberian Coast,Fish
105899,Centrophorus granulosus,Oceanic Northeast Atlantic,Fish
105899,Centrophorus granulosus,Azores,Fish
105899,Centrophorus granulosus,Bay of Biscay and the Iberian Coast,Fish
105902,Centrophorus uyato,Bay of Biscay and the Iberian Coast,Fish
105906,Centroscyllium fabricii,Greenland Sea,Fish
105906,Centroscyllium fabricii,Norwegian Sea,Fish
105906,Centroscyllium fabricii,Icelandic Waters,Fish
105906,Centroscyllium fabricii,Faroes ,Fish
105906,Centroscyllium fabricii,Greater North Sea,Fish
105906,Centroscyllium fabricii,Celtic Seas,Fish
105906,Centroscyllium fabricii,Oceanic Northeast Atlantic,Fish
105906,Centroscyllium fabricii,Bay of Biscay and the Iberian Coast,Fish
280072,Centroselachus crepidater ,Greenland Sea,Fish
280072,Centroselachus crepidater ,Icelandic Waters,Fish
280072,Centroselachus crepidater ,Faroes ,Fish
280072,Centroselachus crepidater ,Celtic Seas,Fish
280072,Centroselachus crepidater ,Oceanic Northeast Atlantic,Fish
280072,Centroselachus crepidater ,Azores,Fish
280072,Centroselachus crepidater ,Bay of Biscay and the Iberian Coast,Fish
137130,Cepphus grylle,Barents Sea,Birds
137130,Cepphus grylle,Norwegian Sea,Birds
137130,Cepphus grylle,Faroes ,Birds
137130,Cepphus grylle,Icelandic Waters,Birds
137130,Cepphus grylle,Greenland Sea,Birds
137130,Cepphus grylle,ArcticOcean,Birds
137130,Cepphus grylle,Celtic Seas,Birds
137130,Cepphus grylle,Greater North Sea,Birds
137130,Cepphus grylle,Baltic Sea,Birds
127262,Chelidonichthys lucerna,Norwegian Sea,Fish
127262,Chelidonichthys lucerna,Greater North Sea,Fish
127262,Chelidonichthys lucerna,Celtic Seas,Fish
127262,Chelidonichthys lucerna,Bay of Biscay and the Iberian Coast,Fish
105824,Chimaera monstrosa,Greenland Sea,Fish
105824,Chimaera monstrosa,Barents Sea,Fish
105824,Chimaera monstrosa,Norwegian Sea,Fish
105824,Chimaera monstrosa,Icelandic Waters,Fish
105824,Chimaera monstrosa,Faroes ,Fish
105824,Chimaera monstrosa,Greater North Sea,Fish
105824,Chimaera monstrosa,Celtic Seas,Fish
105824,Chimaera monstrosa,Oceanic Northeast Atlantic,Fish
105824,Chimaera monstrosa,Azores,Fish
105824,Chimaera monstrosa,Bay of Biscay and the Iberian Coast,Fish
105831,Chlamydoselachus anguineus,Barents Sea,Fish
105831,Chlamydoselachus anguineus,Norwegian Sea,Fish
105831,Chlamydoselachus anguineus,Faroes ,Fish
105831,Chlamydoselachus anguineus,Celtic Seas,Fish
105831,Chlamydoselachus anguineus,Oceanic Northeast Atlantic,Fish
105831,Chlamydoselachus anguineus,Azores,Fish
105831,Chlamydoselachus anguineus,Bay of Biscay and the Iberian Coast,Fish
1488274,Chroicocephalus genei,Bay of Biscay and the Iberian Coast,Birds
137149,Larus ridibundus,Barents Sea,Birds
137149,Larus ridibundus,Norwegian Sea,Birds
137149,Larus ridibundus,Faroes ,Birds
137149,Larus ridibundus,Icelandic Waters,Birds
137149,Larus ridibundus,Azores,Birds
137149,Larus ridibundus,Bay of Biscay and the Iberian Coast,Birds
137149,Larus ridibundus,Celtic Seas,Birds
137149,Larus ridibundus,Greater North Sea,Birds
137149,Larus ridibundus,Baltic Sea,Birds
137071,Clangula hyemalis,Barents Sea,Birds
137071,Clangula hyemalis,Norwegian Sea,Birds
137071,Clangula hyemalis,Faroes ,Birds
137071,Clangula hyemalis,Icelandic Waters,Birds
137071,Clangula hyemalis,Greenland Sea,Birds
137071,Clangula hyemalis,ArcticOcean,Birds
137071,Clangula hyemalis,Celtic Seas,Birds
137071,Clangula hyemalis,Greater North Sea,Birds
137071,Clangula hyemalis,Baltic Sea,Birds
126285,Conger conger,Norwegian Sea,Fish
126285,Conger conger,Icelandic Waters,Fish
126285,Conger conger,Faroes ,Fish
126285,Conger conger,Greater North Sea,Fish
126285,Conger conger,Celtic Seas,Fish
126285,Conger conger,Oceanic Northeast Atlantic,Fish
126285,Conger conger,Azores,Fish
126285,Conger conger,Bay of Biscay and the Iberian Coast,Fish
712453,Coregonus maraena,Baltic Sea,Fish
126139,Coregonus,Celtic Seas,Fish
126139,Coregonus,Greater North Sea,Fish
127214,Cyclopterus lumpus,Greenland Sea,Fish
127214,Cyclopterus lumpus,Norwegian Sea,Fish
127214,Cyclopterus lumpus,Faroes ,Fish
127214,Cyclopterus lumpus,Baltic Sea,Fish
127214,Cyclopterus lumpus,Greater North Sea,Fish
127214,Cyclopterus lumpus,Celtic Seas,Fish
127214,Cyclopterus lumpus,Oceanic Northeast Atlantic,Fish
127214,Cyclopterus lumpus,Bay of Biscay and the Iberian Coast,Fish
137078,Cystophora cristata,Barents Sea,Mammals
137078,Cystophora cristata,Norwegian Sea,Mammals
137078,Cystophora cristata,Faroes ,Mammals
137078,Cystophora cristata,Icelandic Waters,Mammals
137078,Cystophora cristata,Greenland Sea,Mammals
137078,Cystophora cristata,ArcticOcean,Mammals
105851,Dasyatis pastinaca,Greater North Sea,Fish
105851,Dasyatis pastinaca,Celtic Seas,Fish
105851,Dasyatis pastinaca,Azores,Fish
105851,Dasyatis pastinaca,Bay of Biscay and the Iberian Coast,Fish
105852,Dasyatis tortonesei,Bay of Biscay and the Iberian Coast,Fish
298167,Deania calceus,Icelandic Waters,Fish
298167,Deania calceus,Faroes ,Fish
298167,Deania calceus,Greater North Sea,Fish
298167,Deania calceus,Celtic Seas,Fish
298167,Deania calceus,Oceanic Northeast Atlantic,Fish
298167,Deania calceus,Azores,Fish
298167,Deania calceus,Bay of Biscay and the Iberian Coast,Fish
137115,Delphinapterus leucas,Barents Sea,Mammals
137094,Delphinus delphis,Oceanic Northeast Atlantic,Mammals
137094,Delphinus delphis,Azores,Mammals
137094,Delphinus delphis,Bay of Biscay and the Iberian Coast,Mammals
137094,Delphinus delphis,Celtic Seas,Mammals
137094,Delphinus delphis,Greater North Sea,Mammals
137094,Delphinus delphis,Baltic Sea,Mammals
273962,Dentex dentex,Bay of Biscay and the Iberian Coast,Fish
126976,Dicentrarchus punctatus,Celtic Seas,Fish
126976,Dicentrarchus punctatus,Bay of Biscay and the Iberian Coast,Fish
105869,Dipturus batis,Icelandic Waters,Fish
105869,Dipturus batis,Faroes ,Fish
105869,Dipturus batis,Oceanic Northeast Atlantic,Fish
711846,Dipturus intermedius,Icelandic Waters,Fish
711846,Dipturus intermedius,Greater North Sea,Fish
711846,Dipturus intermedius,Celtic Seas,Fish
711846,Dipturus intermedius,Oceanic Northeast Atlantic,Fish
105871,Dipturus nidarosiensis,Norwegian Sea,Fish
105871,Dipturus nidarosiensis,Faroes ,Fish
105871,Dipturus nidarosiensis,Greater North Sea,Fish
105871,Dipturus nidarosiensis,Celtic Seas,Fish
105871,Dipturus nidarosiensis,Oceanic Northeast Atlantic,Fish
105871,Dipturus nidarosiensis,Bay of Biscay and the Iberian Coast,Fish
105872,Dipturus oxyrinchus,Norwegian Sea,Fish
105872,Dipturus oxyrinchus,Faroes ,Fish
105872,Dipturus oxyrinchus,Greater North Sea,Fish
105872,Dipturus oxyrinchus,Celtic Seas,Fish
105872,Dipturus oxyrinchus,Oceanic Northeast Atlantic,Fish
105872,Dipturus oxyrinchus,Azores,Fish
126858,Epigonus telescopus,Faroes ,Fish
126858,Epigonus telescopus,Celtic Seas,Fish
126858,Epigonus telescopus,Oceanic Northeast Atlantic,Fish
126858,Epigonus telescopus,Azores,Fish
126858,Epigonus telescopus,Bay of Biscay and the Iberian Coast,Fish
127036,Epinephelus marginatus,Azores,Fish
127036,Epinephelus marginatus,Bay of Biscay and the Iberian Coast,Fish
137079,Erignathus barbatus,Barents Sea,Mammals
137079,Erignathus barbatus,Norwegian Sea,Mammals
137079,Erignathus barbatus,Faroes ,Mammals
137079,Erignathus barbatus,Icelandic Waters,Mammals
137079,Erignathus barbatus,Greenland Sea,Mammals
137079,Erignathus barbatus,ArcticOcean,Mammals
105911,Etmopterus princeps,Greenland Sea,Fish
105911,Etmopterus princeps,Icelandic Waters,Fish
105911,Etmopterus princeps,Faroes ,Fish
105911,Etmopterus princeps,Greater North Sea,Fish
105911,Etmopterus princeps,Celtic Seas,Fish
105911,Etmopterus princeps,Oceanic Northeast Atlantic,Fish
105911,Etmopterus princeps,Azores,Fish
105911,Etmopterus princeps,Bay of Biscay and the Iberian Coast,Fish
105912,Etmopterus pusillus,Oceanic Northeast Atlantic,Fish
105912,Etmopterus pusillus,Azores,Fish
105912,Etmopterus pusillus,Bay of Biscay and the Iberian Coast,Fish
105913,Etmopterus spinax,Barents Sea,Fish
105913,Etmopterus spinax,Norwegian Sea,Fish
105913,Etmopterus spinax,Icelandic Waters,Fish
105913,Etmopterus spinax,Faroes ,Fish
105913,Etmopterus spinax,Greater North Sea,Fish
105913,Etmopterus spinax,Celtic Seas,Fish
105913,Etmopterus spinax,Oceanic Northeast Atlantic,Fish
105913,Etmopterus spinax,Azores,Fish
105913,Etmopterus spinax,Bay of Biscay and the Iberian Coast,Fish
159023,Eubalaena glacialis,Barents Sea,Mammals
159023,Eubalaena glacialis,Norwegian Sea,Mammals
159023,Eubalaena glacialis,Icelandic Waters,Mammals
159023,Eubalaena glacialis,Azores,Mammals
159023,Eubalaena glacialis,Bay of Biscay and the Iberian Coast,Mammals
137131,Fratercula arctica,Barents Sea,Birds
137131,Fratercula arctica,Norwegian Sea,Birds
137131,Fratercula arctica,Faroes ,Birds
137131,Fratercula arctica,Icelandic Waters,Birds
137131,Fratercula arctica,Greenland Sea,Birds
137131,Fratercula arctica,Oceanic Northeast Atlantic,Birds
137131,Fratercula arctica,Bay of Biscay and the Iberian Coast,Birds
137131,Fratercula arctica,Celtic Seas,Birds
137131,Fratercula arctica,Greater North Sea,Birds
232054,Fulica atra,Norwegian Sea,Birds
232054,Fulica atra,Azores,Birds
232054,Fulica atra,Bay of Biscay and the Iberian Coast,Birds
232054,Fulica atra,Celtic Seas,Birds
232054,Fulica atra,Greater North Sea,Birds
232054,Fulica atra,Baltic Sea,Birds
137195,Fulmarus glacialis,Barents Sea,Birds
137195,Fulmarus glacialis,Norwegian Sea,Birds
137195,Fulmarus glacialis,Faroes ,Birds
137195,Fulmarus glacialis,Icelandic Waters,Birds
137195,Fulmarus glacialis,Greenland Sea,Birds
137195,Fulmarus glacialis,ArcticOcean,Birds
137195,Fulmarus glacialis,Oceanic Northeast Atlantic,Birds
137195,Fulmarus glacialis,Azores,Birds
137195,Fulmarus glacialis,Bay of Biscay and the Iberian Coast,Birds
137195,Fulmarus glacialis,Celtic Seas,Birds
137195,Fulmarus glacialis,Greater North Sea,Birds
105812,Galeus melastomus,Norwegian Sea,Fish
105812,Galeus melastomus,Faroes ,Fish
105812,Galeus melastomus,Greater North Sea,Fish
105813,Galeus murinus,Greenland Sea,Fish
105813,Galeus murinus,Greenland Sea,Fish
105813,Galeus murinus,Icelandic Waters,Fish
105813,Galeus murinus,Icelandic Waters,Fish
105813,Galeus murinus,Faroes ,Fish
105813,Galeus murinus,Faroes ,Fish
105813,Galeus murinus,Celtic Seas,Fish
105813,Galeus murinus,Celtic Seas,Fish
105813,Galeus murinus,Oceanic Northeast Atlantic,Fish
105813,Galeus murinus,Oceanic Northeast Atlantic,Fish
105813,Galeus murinus,Bay of Biscay and the Iberian Coast,Fish
105813,Galeus murinus,Bay of Biscay and the Iberian Coast,Fish
137185,Gavia adamsii,Barents Sea,Birds
137185,Gavia adamsii,Norwegian Sea,Birds
137185,Gavia adamsii,Faroes ,Birds
137185,Gavia adamsii,Baltic Sea,Birds
137186,Gavia arctica,Barents Sea,Birds
137186,Gavia arctica,Norwegian Sea,Birds
137186,Gavia arctica,Bay of Biscay and the Iberian Coast,Birds
137186,Gavia arctica,Celtic Seas,Birds
137186,Gavia arctica,Greater North Sea,Birds
137186,Gavia arctica,Baltic Sea,Birds
137187,Gavia immer,Barents Sea,Birds
137187,Gavia immer,Norwegian Sea,Birds
137187,Gavia immer,Faroes ,Birds
137187,Gavia immer,Icelandic Waters,Birds
137187,Gavia immer,Greenland Sea,Birds
137187,Gavia immer,Azores,Birds
137187,Gavia immer,Bay of Biscay and the Iberian Coast,Birds
137187,Gavia immer,Celtic Seas,Birds
137187,Gavia immer,Greater North Sea,Birds
137187,Gavia immer,Baltic Sea,Birds
137188,Gavia stellata,Barents Sea,Birds
137188,Gavia stellata,Norwegian Sea,Birds
137188,Gavia stellata,Faroes ,Birds
137188,Gavia stellata,Icelandic Waters,Birds
137188,Gavia stellata,Greenland Sea,Birds
137188,Gavia stellata,ArcticOcean,Birds
137188,Gavia stellata,Bay of Biscay and the Iberian Coast,Birds
137188,Gavia stellata,Celtic Seas,Birds
137188,Gavia stellata,Greater North Sea,Birds
137188,Gavia stellata,Baltic Sea,Birds
1016062,Glaucostegus cemiculus,Bay of Biscay and the Iberian Coast,Fish
269225,Glaucostegus,Bay of Biscay and the Iberian Coast,Fish
137096,Globicephala macrorhynchus,Azores,Mammals
137097,Globicephala melas,Barents Sea,Mammals
137097,Globicephala melas,Norwegian Sea,Mammals
137097,Globicephala melas,Faroes ,Mammals
137097,Globicephala melas,Icelandic Waters,Mammals
137097,Globicephala melas,Greenland Sea,Mammals
137097,Globicephala melas,Oceanic Northeast Atlantic,Mammals
137097,Globicephala melas,Azores,Mammals
137097,Globicephala melas,Bay of Biscay and the Iberian Coast,Mammals
137097,Globicephala melas,Celtic Seas,Mammals
137097,Globicephala melas,Greater North Sea,Mammals
126886,Gobius cobitis,Celtic Seas,Fish
126887,Gobius couchi,Celtic Seas,Fish
137098,Grampus griseus,Faroes ,Mammals
137098,Grampus griseus,Oceanic Northeast Atlantic,Mammals
137098,Grampus griseus,Azores,Mammals
137098,Grampus griseus,Bay of Biscay and the Iberian Coast,Mammals
137098,Grampus griseus,Celtic Seas,Mammals
137098,Grampus griseus,Greater North Sea,Mammals
105856,Gymnura altavela,Bay of Biscay and the Iberian Coast,Fish
137080,Halichoerus grypus,Barents Sea,Mammals
137080,Halichoerus grypus,Norwegian Sea,Mammals
137080,Halichoerus grypus,Faroes ,Mammals
137080,Halichoerus grypus,Icelandic Waters,Mammals
137080,Halichoerus grypus,Bay of Biscay and the Iberian Coast,Mammals
137080,Halichoerus grypus,Celtic Seas,Mammals
137080,Halichoerus grypus,Greater North Sea,Mammals
137080,Halichoerus grypus,Baltic Sea,Mammals
127251,Helicolenus dactylopterus,Norwegian Sea,Fish
127251,Helicolenus dactylopterus,Icelandic Waters,Fish
127251,Helicolenus dactylopterus,Faroes ,Fish
127251,Helicolenus dactylopterus,Greater North Sea,Fish
127251,Helicolenus dactylopterus,Celtic Seas,Fish
127251,Helicolenus dactylopterus,Oceanic Northeast Atlantic,Fish
127251,Helicolenus dactylopterus,Azores,Fish
127251,Helicolenus dactylopterus,Bay of Biscay and the Iberian Coast,Fish
105833,Hexanchus griseus,Norwegian Sea,Fish
105833,Hexanchus griseus,Icelandic Waters,Fish
105833,Hexanchus griseus,Faroes ,Fish
105833,Hexanchus griseus,Greater North Sea,Fish
105833,Hexanchus griseus,Celtic Seas,Fish
105833,Hexanchus griseus,Oceanic Northeast Atlantic,Fish
105833,Hexanchus griseus,Azores,Fish
105833,Hexanchus griseus,Bay of Biscay and the Iberian Coast,Fish
105834,Hexanchus nakamurai,Bay of Biscay and the Iberian Coast,Fish
154776,Hippocampus guttulatus,Greater North Sea,Fish
154776,Hippocampus guttulatus,Celtic Seas,Fish
154776,Hippocampus guttulatus,Azores,Fish
154776,Hippocampus guttulatus,Bay of Biscay and the Iberian Coast,Fish
127380,Hippocampus hippocampus,Greater North Sea,Fish
127380,Hippocampus hippocampus,Celtic Seas,Fish
127380,Hippocampus hippocampus,Azores,Fish
127380,Hippocampus hippocampus,Bay of Biscay and the Iberian Coast,Fish
127138,Hippoglossus hippoglossus,Greenland Sea,Fish
127138,Hippoglossus hippoglossus,Barents Sea,Fish
127138,Hippoglossus hippoglossus,Norwegian Sea,Fish
127138,Hippoglossus hippoglossus,Faroes ,Fish
127138,Hippoglossus hippoglossus,Greater North Sea,Fish
127138,Hippoglossus hippoglossus,Celtic Seas,Fish
127138,Hippoglossus hippoglossus,Oceanic Northeast Atlantic,Fish
567449,Hydrocoloeus minutus,Bay of Biscay and the Iberian Coast,Birds
567449,Hydrocoloeus minutus,Celtic Seas,Birds
567449,Hydrocoloeus minutus,Greater North Sea,Birds
567449,Hydrocoloeus minutus,Baltic Sea,Birds
105826,Hydrolagus mirabilis,Greenland Sea,Fish
105826,Hydrolagus mirabilis,Icelandic Waters,Fish
105826,Hydrolagus mirabilis,Faroes ,Fish
105826,Hydrolagus mirabilis,Celtic Seas,Fish
105826,Hydrolagus mirabilis,Oceanic Northeast Atlantic,Fish
105826,Hydrolagus mirabilis,Bay of Biscay and the Iberian Coast,Fish
343899,Hyperoodon ampullatus,Barents Sea,Mammals
343899,Hyperoodon ampullatus,Norwegian Sea,Mammals
343899,Hyperoodon ampullatus,Faroes ,Mammals
343899,Hyperoodon ampullatus,Icelandic Waters,Mammals
343899,Hyperoodon ampullatus,Greenland Sea,Mammals
343899,Hyperoodon ampullatus,Oceanic Northeast Atlantic,Mammals
343899,Hyperoodon ampullatus,Azores,Mammals
343899,Hyperoodon ampullatus,Bay of Biscay and the Iberian Coast,Mammals
343899,Hyperoodon ampullatus,Celtic Seas,Mammals
343899,Hyperoodon ampullatus,Greater North Sea,Mammals
137139,Larus audouinii,Bay of Biscay and the Iberian Coast,Birds
1584284,Ichthyaetus melanocephalus,Bay of Biscay and the Iberian Coast,Birds
1584284,Ichthyaetus melanocephalus,Celtic Seas,Birds
1584284,Ichthyaetus melanocephalus,Greater North Sea,Birds
1584284,Ichthyaetus melanocephalus,Baltic Sea,Birds
105840,Isurus paucus,Oceanic Northeast Atlantic,Fish
105840,Isurus paucus,Azores,Fish
105840,Isurus paucus,Bay of Biscay and the Iberian Coast,Fish
137113,Kogia breviceps,Oceanic Northeast Atlantic,Mammals
137113,Kogia breviceps,Azores,Mammals
137113,Kogia breviceps,Bay of Biscay and the Iberian Coast,Mammals
126965,Labrus bergylta,Norwegian Sea,Fish
126965,Labrus bergylta,Greater North Sea,Fish
126965,Labrus bergylta,Celtic Seas,Fish
126965,Labrus bergylta,Azores,Fish
126965,Labrus bergylta,Bay of Biscay and the Iberian Coast,Fish
1571853,Leucopleurus acutus,Barents Sea,Mammals
1571853,Leucopleurus acutus,Norwegian Sea,Mammals
1571853,Leucopleurus acutus,Faroes ,Mammals
1571853,Leucopleurus acutus,Icelandic Waters,Mammals
1571853,Leucopleurus acutus,Greenland Sea,Mammals
1571853,Leucopleurus acutus,Oceanic Northeast Atlantic,Mammals
1571853,Leucopleurus acutus,Celtic Seas,Mammals
1571853,Leucopleurus acutus,Greater North Sea,Mammals
137101,Lagenorhynchus albirostris,Barents Sea,Mammals
137101,Lagenorhynchus albirostris,Norwegian Sea,Mammals
137101,Lagenorhynchus albirostris,Faroes ,Mammals
137101,Lagenorhynchus albirostris,Icelandic Waters,Mammals
137101,Lagenorhynchus albirostris,Greenland Sea,Mammals
137101,Lagenorhynchus albirostris,Bay of Biscay and the Iberian Coast,Mammals
137101,Lagenorhynchus albirostris,Celtic Seas,Mammals
137101,Lagenorhynchus albirostris,Greater North Sea,Mammals
137101,Lagenorhynchus albirostris,Baltic Sea,Mammals
101172,Lampetra fluviatilis,Baltic Sea,Fish
101172,Lampetra fluviatilis,Greater North Sea,Fish
101172,Lampetra fluviatilis,Celtic Seas,Fish
137138,Larus argentatus,Barents Sea,Birds
137138,Larus argentatus,Norwegian Sea,Birds
137138,Larus argentatus,Faroes ,Birds
137138,Larus argentatus,Icelandic Waters,Birds
137138,Larus argentatus,Bay of Biscay and the Iberian Coast,Birds
137138,Larus argentatus,Celtic Seas,Birds
137138,Larus argentatus,Greater North Sea,Birds
137138,Larus argentatus,Baltic Sea,Birds
137141,Larus canus,Barents Sea,Birds
137141,Larus canus,Norwegian Sea,Birds
137141,Larus canus,Faroes ,Birds
137141,Larus canus,Icelandic Waters,Birds
137141,Larus canus,Bay of Biscay and the Iberian Coast,Birds
137141,Larus canus,Celtic Seas,Birds
137141,Larus canus,Greater North Sea,Birds
137141,Larus canus,Baltic Sea,Birds
148797,Larus delawarensis,Oceanic Northeast Atlantic,Birds
148797,Larus delawarensis,Azores,Birds
137142,Larus fuscus,Barents Sea,Birds
137142,Larus fuscus,Norwegian Sea,Birds
137142,Larus fuscus,Faroes ,Birds
137142,Larus fuscus,Icelandic Waters,Birds
137142,Larus fuscus,Greenland Sea,Birds
137142,Larus fuscus,Azores,Birds
137142,Larus fuscus,Bay of Biscay and the Iberian Coast,Birds
137142,Larus fuscus,Celtic Seas,Birds
137142,Larus fuscus,Greater North Sea,Birds
137142,Larus fuscus,Baltic Sea,Birds
137144,Larus glaucoides,Barents Sea,Birds
137144,Larus glaucoides,Norwegian Sea,Birds
137144,Larus glaucoides,Faroes ,Birds
137144,Larus glaucoides,Icelandic Waters,Birds
137144,Larus glaucoides,Greenland Sea,Birds
137144,Larus glaucoides,Azores,Birds
137144,Larus glaucoides,Celtic Seas,Birds
137144,Larus glaucoides,Greater North Sea,Birds
137145,Larus hyperboreus,Barents Sea,Birds
137145,Larus hyperboreus,Norwegian Sea,Birds
137145,Larus hyperboreus,Faroes ,Birds
137145,Larus hyperboreus,Icelandic Waters,Birds
137145,Larus hyperboreus,Greenland Sea,Birds
137145,Larus hyperboreus,ArcticOcean,Birds
137145,Larus hyperboreus,Azores,Birds
137145,Larus hyperboreus,Celtic Seas,Birds
137145,Larus hyperboreus,Greater North Sea,Birds
137146,Larus marinus,Barents Sea,Birds
137146,Larus marinus,Norwegian Sea,Birds
137146,Larus marinus,Faroes ,Birds
137146,Larus marinus,Icelandic Waters,Birds
137146,Larus marinus,Greenland Sea,Birds
137146,Larus marinus,Azores,Birds
137146,Larus marinus,Bay of Biscay and the Iberian Coast,Birds
137146,Larus marinus,Celtic Seas,Birds
137146,Larus marinus,Greater North Sea,Birds
137146,Larus marinus,Baltic Sea,Birds
232052,Larus michahellis,Oceanic Northeast Atlantic,Birds
232052,Larus michahellis,Azores,Birds
232052,Larus michahellis,Bay of Biscay and the Iberian Coast,Birds
232052,Larus michahellis,Celtic Seas,Birds
232052,Larus michahellis,Baltic Sea,Birds
127088,Lepidopus caudatus,Icelandic Waters,Fish
127088,Lepidopus caudatus,Oceanic Northeast Atlantic,Fish
127088,Lepidopus caudatus,Azores,Fish
127088,Lepidopus caudatus,Bay of Biscay and the Iberian Coast,Fish
127146,Lepidorhombus whiffiagonis,Faroes ,Fish
127146,Lepidorhombus whiffiagonis,Azores,Fish
159074,Larus atricilla,Azores,Birds
105873,Leucoraja circularis,Norwegian Sea,Fish
105873,Leucoraja circularis,Faroes ,Fish
105873,Leucoraja circularis,Greater North Sea,Fish
105873,Leucoraja circularis,Oceanic Northeast Atlantic,Fish
105874,Leucoraja fullonica,Norwegian Sea,Fish
105874,Leucoraja fullonica,Icelandic Waters,Fish
105874,Leucoraja fullonica,Faroes ,Fish
105874,Leucoraja fullonica,Greater North Sea,Fish
105874,Leucoraja fullonica,Oceanic Northeast Atlantic,Fish
105874,Leucoraja fullonica,Azores,Fish
105876,Leucoraja naevus,Norwegian Sea,Fish
105876,Leucoraja naevus,Faroes ,Fish
126555,Lophius piscatorius,Azores,Fish
127103,Lycodes esmarkii,Greenland Sea,Fish
127103,Lycodes esmarkii,Barents Sea,Fish
127103,Lycodes esmarkii,Norwegian Sea,Fish
127103,Lycodes esmarkii,Icelandic Waters,Fish
127103,Lycodes esmarkii,Faroes ,Fish
127103,Lycodes esmarkii,Greater North Sea,Fish
137092,Megaptera novaeangliae,Barents Sea,Mammals
137092,Megaptera novaeangliae,Norwegian Sea,Mammals
137092,Megaptera novaeangliae,Faroes ,Mammals
137092,Megaptera novaeangliae,Icelandic Waters,Mammals
137092,Megaptera novaeangliae,Greenland Sea,Mammals
137092,Megaptera novaeangliae,ArcticOcean,Mammals
137092,Megaptera novaeangliae,Oceanic Northeast Atlantic,Mammals
137092,Megaptera novaeangliae,Azores,Mammals
137092,Megaptera novaeangliae,Bay of Biscay and the Iberian Coast,Mammals
137092,Megaptera novaeangliae,Celtic Seas,Mammals
137092,Megaptera novaeangliae,Greater North Sea,Mammals
137092,Megaptera novaeangliae,Baltic Sea,Mammals
137072,Melanitta fusca,Barents Sea,Birds
137072,Melanitta fusca,Norwegian Sea,Birds
137072,Melanitta fusca,Celtic Seas,Birds
137072,Melanitta fusca,Greater North Sea,Birds
137072,Melanitta fusca,Baltic Sea,Birds
137073,Melanitta nigra,Barents Sea,Birds
137073,Melanitta nigra,Norwegian Sea,Birds
137073,Melanitta nigra,Icelandic Waters,Birds
137073,Melanitta nigra,Azores,Birds
137073,Melanitta nigra,Bay of Biscay and the Iberian Coast,Birds
137073,Melanitta nigra,Celtic Seas,Birds
137073,Melanitta nigra,Greater North Sea,Birds
137073,Melanitta nigra,Baltic Sea,Birds
232039,Mergellus albellus,Barents Sea,Birds
232039,Mergellus albellus,Norwegian Sea,Birds
232039,Mergellus albellus,Icelandic Waters,Birds
232039,Mergellus albellus,Greater North Sea,Birds
232039,Mergellus albellus,Baltic Sea,Birds
159097,Mergus merganser,Barents Sea,Birds
159097,Mergus merganser,Norwegian Sea,Birds
159097,Mergus merganser,Icelandic Waters,Birds
159097,Mergus merganser,Greater North Sea,Birds
159097,Mergus merganser,Baltic Sea,Birds
159098,Mergus serrator,Barents Sea,Birds
159098,Mergus serrator,Norwegian Sea,Birds
159098,Mergus serrator,Faroes ,Birds
159098,Mergus serrator,Icelandic Waters,Birds
159098,Mergus serrator,Greenland Sea,Birds
159098,Mergus serrator,Bay of Biscay and the Iberian Coast,Birds
159098,Mergus serrator,Celtic Seas,Birds
159098,Mergus serrator,Greater North Sea,Birds
159098,Mergus serrator,Baltic Sea,Birds
126438,Merlangius merlangus,Baltic Sea,Fish
126484,Merluccius merluccius,Icelandic Waters,Fish
126484,Merluccius merluccius,Faroes ,Fish
137121,Mesoplodon bidens,Norwegian Sea,Mammals
137121,Mesoplodon bidens,Faroes ,Mammals
137121,Mesoplodon bidens,Oceanic Northeast Atlantic,Mammals
137121,Mesoplodon bidens,Azores,Mammals
137121,Mesoplodon bidens,Bay of Biscay and the Iberian Coast,Mammals
137121,Mesoplodon bidens,Celtic Seas,Mammals
137121,Mesoplodon bidens,Greater North Sea,Mammals
137122,Mesoplodon densirostris,Oceanic Northeast Atlantic,Mammals
137122,Mesoplodon densirostris,Azores,Mammals
137123,Mesoplodon europaeus,Oceanic Northeast Atlantic,Mammals
137126,Mesoplodon mirus,Oceanic Northeast Atlantic,Mammals
137126,Mesoplodon mirus,Azores,Mammals
105756,Mobula,Oceanic Northeast Atlantic,Fish
105756,Mobula,Azores,Fish
105756,Mobula,Bay of Biscay and the Iberian Coast,Fish
1026118,Mobula birostris,Azores,Fish
1026118,Mobula birostris,Oceanic Northeast Atlantic,Fish
1026118,Mobula birostris,Bay of Biscay and the Iberian Coast,Fish
105858,Mobula mobular,Oceanic Northeast Atlantic,Fish
105858,Mobula mobular,Azores,Fish
105858,Mobula mobular,Bay of Biscay and the Iberian Coast,Fish
105756,Mobula,Oceanic Northeast Atlantic,Fish
105756,Mobula,Azores,Fish
105756,Mobula,Bay of Biscay and the Iberian Coast,Fish
127405,Mola mola,Faroes ,Fish
127405,Mola mola,Greater North Sea,Fish
127405,Mola mola,Celtic Seas,Fish
127405,Mola mola,Oceanic Northeast Atlantic,Fish
127405,Mola mola,Azores,Fish
127405,Mola mola,Bay of Biscay and the Iberian Coast,Fish
126460,Molva macrophthalma,Celtic Seas,Fish
126460,Molva macrophthalma,Oceanic Northeast Atlantic,Fish
126460,Molva macrophthalma,Azores,Fish
126460,Molva macrophthalma,Bay of Biscay and the Iberian Coast,Fish
137116,Monodon monoceros,Barents Sea,Mammals
137116,Monodon monoceros,Greenland Sea,Mammals
137116,Monodon monoceros,ArcticOcean,Mammals
126497,Mora moro,Icelandic Waters,Fish
126497,Mora moro,Faroes ,Fish
126497,Mora moro,Celtic Seas,Fish
126497,Mora moro,Oceanic Northeast Atlantic,Fish
126497,Mora moro,Azores,Fish
126497,Mora moro,Bay of Biscay and the Iberian Coast,Fish
148776,Morus bassanus,Barents Sea,Birds
148776,Morus bassanus,Norwegian Sea,Birds
148776,Morus bassanus,Faroes ,Birds
148776,Morus bassanus,Icelandic Waters,Birds
148776,Morus bassanus,Greenland Sea,Birds
148776,Morus bassanus,Oceanic Northeast Atlantic,Birds
148776,Morus bassanus,Azores,Birds
148776,Morus bassanus,Bay of Biscay and the Iberian Coast,Birds
148776,Morus bassanus,Celtic Seas,Birds
148776,Morus bassanus,Greater North Sea,Birds
148776,Morus bassanus,Baltic Sea,Birds
127038,Mycteroperca fusca,Azores,Fish
105860,Myliobatis aquila,Greater North Sea,Fish
105860,Myliobatis aquila,Celtic Seas,Fish
105860,Myliobatis aquila,Azores,Fish
105860,Myliobatis aquila,Bay of Biscay and the Iberian Coast,Fish
137077,Odobenus rosmarus,Barents Sea,Mammals
137077,Odobenus rosmarus,Norwegian Sea,Mammals
137077,Odobenus rosmarus,Greenland Sea,Mammals
137077,Odobenus rosmarus,ArcticOcean,Mammals
137102,Orcinus orca,Barents Sea,Mammals
137102,Orcinus orca,Norwegian Sea,Mammals
137102,Orcinus orca,Faroes ,Mammals
137102,Orcinus orca,Icelandic Waters,Mammals
137102,Orcinus orca,Greenland Sea,Mammals
137102,Orcinus orca,ArcticOcean,Mammals
137102,Orcinus orca,Oceanic Northeast Atlantic,Mammals
137102,Orcinus orca,Azores,Mammals
137102,Orcinus orca,Bay of Biscay and the Iberian Coast,Mammals
137102,Orcinus orca,Celtic Seas,Mammals
137102,Orcinus orca,Greater North Sea,Mammals
105914,Oxynotus centrina,Bay of Biscay and the Iberian Coast,Fish
105915,Oxynotus paradoxus,Greater North Sea,Fish
105915,Oxynotus paradoxus,Celtic Seas,Fish
105915,Oxynotus paradoxus,Oceanic Northeast Atlantic,Fish
105915,Oxynotus paradoxus,Azores,Fish
137154,Pagophila eburnea,Barents Sea,Birds
137154,Pagophila eburnea,Greenland Sea,Birds
137154,Pagophila eburnea,ArcticOcean,Birds
159019,Pagophilus groenlandicus,Barents Sea,Mammals
159019,Pagophilus groenlandicus,Norwegian Sea,Mammals
159019,Pagophilus groenlandicus,Icelandic Waters,Mammals
159019,Pagophilus groenlandicus,Greenland Sea,Mammals
159019,Pagophilus groenlandicus,ArcticOcean,Mammals
137103,Peponocephala electra,Oceanic Northeast Atlantic,Mammals
101174,Petromyzon marinus,Barents Sea,Fish
101174,Petromyzon marinus,Norwegian Sea,Fish
101174,Petromyzon marinus,Icelandic Waters,Fish
101174,Petromyzon marinus,Baltic Sea,Fish
101174,Petromyzon marinus,Greater North Sea,Fish
101174,Petromyzon marinus,Celtic Seas,Fish
137178,Phalacrocorax aristotelis,Barents Sea,Birds
137178,Phalacrocorax aristotelis,Norwegian Sea,Birds
137178,Phalacrocorax aristotelis,Faroes ,Birds
137178,Phalacrocorax aristotelis,Icelandic Waters,Birds
137178,Phalacrocorax aristotelis,Bay of Biscay and the Iberian Coast,Birds
137178,Phalacrocorax aristotelis,Celtic Seas,Birds
137178,Phalacrocorax aristotelis,Greater North Sea,Birds
137178,Phalacrocorax aristotelis,Baltic Sea,Birds
137179,Phalacrocorax carbo,Barents Sea,Birds
137179,Phalacrocorax carbo,Norwegian Sea,Birds
137179,Phalacrocorax carbo,Faroes ,Birds
137179,Phalacrocorax carbo,Icelandic Waters,Birds
137179,Phalacrocorax carbo,Greenland Sea,Birds
137179,Phalacrocorax carbo,Bay of Biscay and the Iberian Coast,Birds
137179,Phalacrocorax carbo,Celtic Seas,Birds
137179,Phalacrocorax carbo,Greater North Sea,Birds
137179,Phalacrocorax carbo,Baltic Sea,Birds
137084,Phoca vitulina,Barents Sea,Mammals
137084,Phoca vitulina,Norwegian Sea,Mammals
137084,Phoca vitulina,Icelandic Waters,Mammals
137084,Phoca vitulina,Greenland Sea,Mammals
137084,Phoca vitulina,Celtic Seas,Mammals
137084,Phoca vitulina,Greater North Sea,Mammals
137084,Phoca vitulina,Baltic Sea,Mammals
137117,Phocoena phocoena,Barents Sea,Mammals
137117,Phocoena phocoena,Norwegian Sea,Mammals
137117,Phocoena phocoena,Faroes ,Mammals
137117,Phocoena phocoena,Icelandic Waters,Mammals
137117,Phocoena phocoena,Greenland Sea,Mammals
137117,Phocoena phocoena,Oceanic Northeast Atlantic,Mammals
137117,Phocoena phocoena,Bay of Biscay and the Iberian Coast,Mammals
137117,Phocoena phocoena,Celtic Seas,Mammals
137117,Phocoena phocoena,Greater North Sea,Mammals
137117,Phocoena phocoena,Baltic Sea,Mammals
137119,Physeter macrocephalus,Barents Sea,Mammals
137119,Physeter macrocephalus,Norwegian Sea,Mammals
137119,Physeter macrocephalus,Faroes ,Mammals
137119,Physeter macrocephalus,Icelandic Waters,Mammals
137119,Physeter macrocephalus,Greenland Sea,Mammals
137119,Physeter macrocephalus,Oceanic Northeast Atlantic,Mammals
137119,Physeter macrocephalus,Azores,Mammals
137119,Physeter macrocephalus,Bay of Biscay and the Iberian Coast,Mammals
137119,Physeter macrocephalus,Celtic Seas,Mammals
137119,Physeter macrocephalus,Greater North Sea,Mammals
137181,Podiceps auritus,Norwegian Sea,Birds
137181,Podiceps auritus,Faroes ,Birds
137181,Podiceps auritus,Bay of Biscay and the Iberian Coast,Birds
137181,Podiceps auritus,Celtic Seas,Birds
137181,Podiceps auritus,Greater North Sea,Birds
137181,Podiceps auritus,Baltic Sea,Birds
137182,Podiceps cristatus,Norwegian Sea,Birds
137182,Podiceps cristatus,Bay of Biscay and the Iberian Coast,Birds
137182,Podiceps cristatus,Celtic Seas,Birds
137182,Podiceps cristatus,Greater North Sea,Birds
137182,Podiceps cristatus,Baltic Sea,Birds
137183,Podiceps grisegena,Barents Sea,Birds
137183,Podiceps grisegena,Norwegian Sea,Birds
137183,Podiceps grisegena,Faroes ,Birds
137183,Podiceps grisegena,Bay of Biscay and the Iberian Coast,Birds
137183,Podiceps grisegena,Celtic Seas,Birds
137183,Podiceps grisegena,Greater North Sea,Birds
137183,Podiceps grisegena,Baltic Sea,Birds
137184,Podiceps nigricollis,Bay of Biscay and the Iberian Coast,Birds
137184,Podiceps nigricollis,Celtic Seas,Birds
137184,Podiceps nigricollis,Greater North Sea,Birds
137184,Podiceps nigricollis,Baltic Sea,Birds
126440,Pollachius pollachius,Icelandic Waters,Fish
126440,Pollachius pollachius,Faroes ,Fish
126441,Pollachius virens,Greenland Sea,Fish
126998,Polyprion americanus,Celtic Seas,Fish
126998,Polyprion americanus,Oceanic Northeast Atlantic,Fish
126998,Polyprion americanus,Azores,Fish
126998,Polyprion americanus,Bay of Biscay and the Iberian Coast,Fish
232041,Polysticta stelleri,Barents Sea,Birds
232041,Polysticta stelleri,Norwegian Sea,Birds
232041,Polysticta stelleri,Icelandic Waters,Birds
232041,Polysticta stelleri,Baltic Sea,Birds
151482,Pomatomus saltatrix,Azores,Fish
151482,Pomatomus saltatrix,Bay of Biscay and the Iberian Coast,Fish
126927,Pomatoschistus microps,Greater North Sea,Fish
126927,Pomatoschistus microps,Celtic Seas,Fish
126927,Pomatoschistus microps,Bay of Biscay and the Iberian Coast,Fish
126928,Pomatoschistus minutus,Greater North Sea,Fish
126928,Pomatoschistus minutus,Celtic Seas,Fish
126928,Pomatoschistus minutus,Bay of Biscay and the Iberian Coast,Fish
137104,Pseudorca crassidens,Oceanic Northeast Atlantic,Mammals
137104,Pseudorca crassidens,Azores,Mammals
137104,Pseudorca crassidens,Bay of Biscay and the Iberian Coast,Mammals
514084,Puffinus baroli,Oceanic Northeast Atlantic,Birds
514084,Puffinus baroli,Azores,Birds
514084,Puffinus baroli,Bay of Biscay and the Iberian Coast,Birds
445503,Puffinus mauretanicus,Oceanic Northeast Atlantic,Birds
445503,Puffinus mauretanicus,Azores,Birds
445503,Puffinus mauretanicus,Bay of Biscay and the Iberian Coast,Birds
445503,Puffinus mauretanicus,Celtic Seas,Birds
137203,Puffinus puffinus,Norwegian Sea,Birds
137203,Puffinus puffinus,Faroes ,Birds
137203,Puffinus puffinus,Icelandic Waters,Birds
137203,Puffinus puffinus,Oceanic Northeast Atlantic,Birds
137203,Puffinus puffinus,Azores,Birds
137203,Puffinus puffinus,Bay of Biscay and the Iberian Coast,Birds
137203,Puffinus puffinus,Celtic Seas,Birds
137203,Puffinus puffinus,Greater North Sea,Birds
159021,Pusa hispida,Barents Sea,Mammals
159021,Pusa hispida,Norwegian Sea,Mammals
159021,Pusa hispida,Icelandic Waters,Mammals
159021,Pusa hispida,Greenland Sea,Mammals
159021,Pusa hispida,ArcticOcean,Mammals
159021,Pusa hispida,Baltic Sea,Mammals
367297,Raja brachyura,Azores,Fish
105883,Raja clavata,Norwegian Sea,Fish
105883,Raja clavata,Faroes ,Fish
105883,Raja clavata,Baltic Sea,Fish
105884,Raja maderensis,Azores,Fish
105885,Raja microocellata,Greater North Sea,Fish
105891,Raja undulata,Greater North Sea,Fish
105892,Rajella bathyphila,Greenland Sea,Fish
105892,Rajella bathyphila,Icelandic Waters,Fish
105892,Rajella bathyphila,Celtic Seas,Fish
105892,Rajella bathyphila,Oceanic Northeast Atlantic,Fish
105894,Rajella fyllae,Greenland Sea,Fish
105894,Rajella fyllae,Barents Sea,Fish
105894,Rajella fyllae,Norwegian Sea,Fish
105894,Rajella fyllae,Icelandic Waters,Fish
105894,Rajella fyllae,Faroes ,Fish
105894,Rajella fyllae,Greater North Sea,Fish
105894,Rajella fyllae,Celtic Seas,Fish
105894,Rajella fyllae,Oceanic Northeast Atlantic,Fish
1019159,Rajella lintea,Greenland Sea,Fish
1019159,Rajella lintea,Barents Sea,Fish
1019159,Rajella lintea,Norwegian Sea,Fish
1019159,Rajella lintea,Icelandic Waters,Fish
1019159,Rajella lintea,Faroes ,Fish
1019159,Rajella lintea,Greater North Sea,Fish
1019159,Rajella lintea,Celtic Seas,Fish
1019159,Rajella lintea,Oceanic Northeast Atlantic,Fish
105712,Rhinobatidae,Bay of Biscay and the Iberian Coast,Fish
105898,Rhinobatos rhinobatos,Bay of Biscay and the Iberian Coast,Fish
105830,Rhinochimaera atlantica,Greenland Sea,Fish
105830,Rhinochimaera atlantica,Icelandic Waters,Fish
105830,Rhinochimaera atlantica,Faroes ,Fish
105830,Rhinochimaera atlantica,Celtic Seas,Fish
105830,Rhinochimaera atlantica,Oceanic Northeast Atlantic,Fish
105830,Rhinochimaera atlantica,Bay of Biscay and the Iberian Coast,Fish
105862,Rhinoptera marginata,Bay of Biscay and the Iberian Coast,Fish
137155,Rhodostethia rosea,Barents Sea,Birds
137155,Rhodostethia rosea,Greenland Sea,Birds
137155,Rhodostethia rosea,ArcticOcean,Birds
137156,Rissa tridactyla,Barents Sea,Birds
137156,Rissa tridactyla,Norwegian Sea,Birds
137156,Rissa tridactyla,Faroes ,Birds
137156,Rissa tridactyla,Icelandic Waters,Birds
137156,Rissa tridactyla,Greenland Sea,Birds
137156,Rissa tridactyla,ArcticOcean,Birds
137156,Rissa tridactyla,Oceanic Northeast Atlantic,Birds
137156,Rissa tridactyla,Azores,Birds
137156,Rissa tridactyla,Bay of Biscay and the Iberian Coast,Birds
137156,Rissa tridactyla,Celtic Seas,Birds
137156,Rissa tridactyla,Greater North Sea,Birds
137156,Rissa tridactyla,Baltic Sea,Birds
127187,Salmo trutta,Barents Sea,Fish
127187,Salmo trutta,Norwegian Sea,Fish
127187,Salmo trutta,Icelandic Waters,Fish
127187,Salmo trutta,Greater North Sea,Fish
127187,Salmo trutta,Celtic Seas,Fish
127187,Salmo trutta,Bay of Biscay and the Iberian Coast,Fish
127010,Sciaena umbra,Greater North Sea,Fish
127010,Sciaena umbra,Celtic Seas,Fish
127010,Sciaena umbra,Bay of Biscay and the Iberian Coast,Fish
127149,Scophthalmus maximus,Faroes ,Fish
127149,Scophthalmus maximus,Celtic Seas,Fish
127149,Scophthalmus maximus,Bay of Biscay and the Iberian Coast,Fish
127150,Scophthalmus rhombus,Celtic Seas,Fish
127150,Scophthalmus rhombus,Bay of Biscay and the Iberian Coast,Fish
127248,Scorpaena scrofa,Celtic Seas,Fish
127248,Scorpaena scrofa,Oceanic Northeast Atlantic,Fish
127248,Scorpaena scrofa,Azores,Fish
127248,Scorpaena scrofa,Bay of Biscay and the Iberian Coast,Fish
105814,Scyliorhinus canicula,Norwegian Sea,Fish
105815,Scyliorhinus stellaris,Greater North Sea,Fish
105815,Scyliorhinus stellaris,Bay of Biscay and the Iberian Coast,Fish
105918,Scymnodon ringens,Greater North Sea,Fish
105918,Scymnodon ringens,Celtic Seas,Fish
105918,Scymnodon ringens,Oceanic Northeast Atlantic,Fish
105918,Scymnodon ringens,Bay of Biscay and the Iberian Coast,Fish
127254,Sebastes mentella,Greater North Sea,Fish
127254,Sebastes mentella,Celtic Seas,Fish
151324,Sebastes norvegicus,Greater North Sea,Fish
127255,Sebastes viviparus,Greenland Sea,Fish
127255,Sebastes viviparus,Barents Sea,Fish
127255,Sebastes viviparus,Norwegian Sea,Fish
127255,Sebastes viviparus,Faroes ,Fish
127255,Sebastes viviparus,Greater North Sea,Fish
127255,Sebastes viviparus,Celtic Seas,Fish
127255,Sebastes viviparus,Oceanic Northeast Atlantic,Fish
137074,Somateria mollissima,Barents Sea,Birds
137074,Somateria mollissima,Norwegian Sea,Birds
137074,Somateria mollissima,Faroes ,Birds
137074,Somateria mollissima,Icelandic Waters,Birds
137074,Somateria mollissima,Greenland Sea,Birds
137074,Somateria mollissima,ArcticOcean,Birds
137074,Somateria mollissima,Celtic Seas,Birds
137074,Somateria mollissima,Greater North Sea,Birds
137074,Somateria mollissima,Baltic Sea,Birds
137075,Somateria spectabilis,Barents Sea,Birds
137075,Somateria spectabilis,Norwegian Sea,Birds
137075,Somateria spectabilis,Greenland Sea,Birds
137075,Somateria spectabilis,ArcticOcean,Birds
137075,Somateria spectabilis,Greater North Sea,Birds
137075,Somateria spectabilis,Baltic Sea,Birds
105919,Somniosus microcephalus,ArcticOcean,Fish
105919,Somniosus microcephalus,Greenland Sea,Fish
105919,Somniosus microcephalus,Barents Sea,Fish
105919,Somniosus microcephalus,Norwegian Sea,Fish
105919,Somniosus microcephalus,Icelandic Waters,Fish
105919,Somniosus microcephalus,Faroes ,Fish
105919,Somniosus microcephalus,Greater North Sea,Fish
105919,Somniosus microcephalus,Celtic Seas,Fish
105919,Somniosus microcephalus,Oceanic Northeast Atlantic,Fish
105919,Somniosus microcephalus,Bay of Biscay and the Iberian Coast,Fish
105920,Somniosus rostratus,Oceanic Northeast Atlantic,Fish
105920,Somniosus rostratus,Bay of Biscay and the Iberian Coast,Fish
151523,Sparus aurata,Greater North Sea,Fish
151523,Sparus aurata,Celtic Seas,Fish
151523,Sparus aurata,Bay of Biscay and the Iberian Coast,Fish
105819,Sphyrna zygaena,Celtic Seas,Fish
105819,Sphyrna zygaena,Oceanic Northeast Atlantic,Fish
105819,Sphyrna zygaena,Azores,Fish
105694,Sphyrnidae,Celtic Seas,Fish
105694,Sphyrnidae,Oceanic Northeast Atlantic,Fish
105694,Sphyrnidae,Azores,Fish
105694,Sphyrnidae,Bay of Biscay and the Iberian Coast,Fish
105924,Squalus blainville,Bay of Biscay and the Iberian Coast,Fish
105925,Squalus megalops,Bay of Biscay and the Iberian Coast,Fish
137107,Stenella coeruleoalba,Oceanic Northeast Atlantic,Mammals
137107,Stenella coeruleoalba,Azores,Mammals
137107,Stenella coeruleoalba,Bay of Biscay and the Iberian Coast,Mammals
137107,Stenella coeruleoalba,Celtic Seas,Mammals
137107,Stenella coeruleoalba,Greater North Sea,Mammals
137108,Stenella frontalis,Oceanic Northeast Atlantic,Mammals
137108,Stenella frontalis,Azores,Mammals
137110,Steno bredanensis,Oceanic Northeast Atlantic,Mammals
137171,Stercorarius longicaudus,Barents Sea,Birds
137171,Stercorarius longicaudus,Norwegian Sea,Birds
137171,Stercorarius longicaudus,Faroes ,Birds
137171,Stercorarius longicaudus,Icelandic Waters,Birds
137171,Stercorarius longicaudus,Greenland Sea,Birds
137171,Stercorarius longicaudus,ArcticOcean,Birds
137171,Stercorarius longicaudus,Oceanic Northeast Atlantic,Birds
137171,Stercorarius longicaudus,Bay of Biscay and the Iberian Coast,Birds
137171,Stercorarius longicaudus,Celtic Seas,Birds
137172,Stercorarius parasiticus,Barents Sea,Birds
137172,Stercorarius parasiticus,Norwegian Sea,Birds
137172,Stercorarius parasiticus,Faroes ,Birds
137172,Stercorarius parasiticus,Icelandic Waters,Birds
137172,Stercorarius parasiticus,Greenland Sea,Birds
137172,Stercorarius parasiticus,ArcticOcean,Birds
137172,Stercorarius parasiticus,Oceanic Northeast Atlantic,Birds
137172,Stercorarius parasiticus,Azores,Birds
137172,Stercorarius parasiticus,Bay of Biscay and the Iberian Coast,Birds
137172,Stercorarius parasiticus,Celtic Seas,Birds
137172,Stercorarius parasiticus,Greater North Sea,Birds
137172,Stercorarius parasiticus,Baltic Sea,Birds
137173,Stercorarius pomarinus,Barents Sea,Birds
137173,Stercorarius pomarinus,Norwegian Sea,Birds
137173,Stercorarius pomarinus,Faroes ,Birds
137173,Stercorarius pomarinus,Icelandic Waters,Birds
137173,Stercorarius pomarinus,Greenland Sea,Birds
137173,Stercorarius pomarinus,ArcticOcean,Birds
137173,Stercorarius pomarinus,Oceanic Northeast Atlantic,Birds
137173,Stercorarius pomarinus,Azores,Birds
137173,Stercorarius pomarinus,Bay of Biscay and the Iberian Coast,Birds
137173,Stercorarius pomarinus,Celtic Seas,Birds
137174,Stercorarius skua,Barents Sea,Birds
137174,Stercorarius skua,Norwegian Sea,Birds
137174,Stercorarius skua,Faroes ,Birds
137174,Stercorarius skua,Icelandic Waters,Birds
137174,Stercorarius skua,Greenland Sea,Birds
137174,Stercorarius skua,ArcticOcean,Birds
137174,Stercorarius skua,Oceanic Northeast Atlantic,Birds
137174,Stercorarius skua,Azores,Birds
137174,Stercorarius skua,Bay of Biscay and the Iberian Coast,Birds
137174,Stercorarius skua,Celtic Seas,Birds
137174,Stercorarius skua,Greater North Sea,Birds
126328,Synaphobranchus kaupii,Faroes ,Fish
126328,Synaphobranchus kaupii,Celtic Seas,Fish
126328,Synaphobranchus kaupii,Oceanic Northeast Atlantic,Fish
126328,Synaphobranchus kaupii,Azores,Fish
126328,Synaphobranchus kaupii,Bay of Biscay and the Iberian Coast,Fish
127386,Syngnathus abaster,Bay of Biscay and the Iberian Coast,Fish
1605275 ,Taeniurops grabatus,Azores,Fish
1605275 ,Taeniurops grabatus,Bay of Biscay and the Iberian Coast,Fish
321911,Tetronarce nobiliana,Greater North Sea,Fish
321911,Tetronarce nobiliana,Celtic Seas,Fish
321911,Tetronarce nobiliana,Oceanic Northeast Atlantic,Fish
321911,Tetronarce nobiliana,Azores,Fish
321911,Tetronarce nobiliana,Bay of Biscay and the Iberian Coast,Fish
271684,Torpedo marmorata,Greater North Sea,Fish
271684,Torpedo marmorata,Celtic Seas,Fish
271684,Torpedo marmorata,Bay of Biscay and the Iberian Coast,Fish
271691,Torpedo torpedo,Bay of Biscay and the Iberian Coast,Fish
137111,Tursiops truncatus,Norwegian Sea,Mammals
137111,Tursiops truncatus,Faroes ,Mammals
137111,Tursiops truncatus,Oceanic Northeast Atlantic,Mammals
137111,Tursiops truncatus,Azores,Mammals
137111,Tursiops truncatus,Bay of Biscay and the Iberian Coast,Mammals
137111,Tursiops truncatus,Celtic Seas,Mammals
137111,Tursiops truncatus,Greater North Sea,Mammals
137111,Tursiops truncatus,Baltic Sea,Mammals
127012,Umbrina cirrosa,Greater North Sea,Fish
127012,Umbrina cirrosa,Bay of Biscay and the Iberian Coast,Fish
137133,Uria aalge,Barents Sea,Birds
137133,Uria aalge,Norwegian Sea,Birds
137133,Uria aalge,Faroes ,Birds
137133,Uria aalge,Icelandic Waters,Birds
137133,Uria aalge,Greenland Sea,Birds
137133,Uria aalge,Oceanic Northeast Atlantic,Birds
137133,Uria aalge,Bay of Biscay and the Iberian Coast,Birds
137133,Uria aalge,Celtic Seas,Birds
137133,Uria aalge,Greater North Sea,Birds
137133,Uria aalge,Baltic Sea,Birds
137134,Uria lomvia,Barents Sea,Birds
137134,Uria lomvia,Norwegian Sea,Birds
137134,Uria lomvia,Faroes ,Birds
137134,Uria lomvia,Icelandic Waters,Birds
137134,Uria lomvia,Greenland Sea,Birds
137134,Uria lomvia,ArcticOcean,Birds
137134,Uria lomvia,Greater North Sea,Birds
137167,Xema sabini,Barents Sea,Birds
137167,Xema sabini,Greenland Sea,Birds
137167,Xema sabini,ArcticOcean,Birds
137167,Xema sabini,Bay of Biscay and the Iberian Coast,Birds
137167,Xema sabini,Celtic Seas,Birds
127427,Zeus faber,Greater North Sea,Fish
127427,Zeus faber,Celtic Seas,Fish
127427,Zeus faber,Oceanic Northeast Atlantic,Fish
127427,Zeus faber,Azores,Fish
127427,Zeus faber,Bay of Biscay and the Iberian Coast,Fish
137127,Ziphius cavirostris,Oceanic Northeast Atlantic,Mammals
137127,Ziphius cavirostris,Azores,Mammals
137127,Ziphius cavirostris,Bay of Biscay and the Iberian Coast,Mammals
137127,Ziphius cavirostris,Celtic Seas,Mammals
127123,Zoarces viviparus,Greater North Sea,Fish
127123,Zoarces viviparus,Celtic Seas,Fish
137205,Caretta caretta,Celtic Seas,Marine turtles
137209,Dermochelys coriacea,Celtic Seas,Marine turtles
137209,Dermochelys coriacea,Greater North Sea,Marine turtles
137205,Caretta caretta,Bay of Biscay and the Iberian Coast,Marine turtles
137209,Dermochelys coriacea,Bay of Biscay and the Iberian Coast,Marine turtles
137206,Chelonia mydas,Azores,Marine turtles
137205,Caretta caretta,Azores,Marine turtles
137209,Dermochelys coriacea,Azores,Marine turtles
137206,Chelonia mydas,Oceanic Northeast Atlantic,Marine turtles
137205,Caretta caretta,Oceanic Northeast Atlantic,Marine turtles
137209,Dermochelys coriacea,Oceanic Northeast Atlantic,Marine turtles
105928,Squatina squatina,Greater North Sea,Fish
105928,Squatina squatina,Celtic Seas,Fish
105928,Squatina squatina,Bay of Biscay and the Iberian Coast,Fish
105837,Cetorhinus maximus,Greenland Sea,Fish
105837,Cetorhinus maximus,Barents Sea,Fish
105837,Cetorhinus maximus,Norwegian Sea,Fish
105837,Cetorhinus maximus,Icelandic Waters,Fish
105837,Cetorhinus maximus,Faroes ,Fish
105837,Cetorhinus maximus,Greater North Sea,Fish
105837,Cetorhinus maximus,Celtic Seas,Fish
105837,Cetorhinus maximus,Oceanic Northeast Atlantic,Fish
105837,Cetorhinus maximus,Azores,Fish
105837,Cetorhinus maximus,Bay of Biscay and the Iberian Coast,Fish
127186,Salmo salar,ArcticOcean,Fish
127187,Salmo salar,Azores,Fish
127188,Salmo salar,Baltic Sea,Fish
127189,Salmo salar,Barents Sea,Fish
127190,Salmo salar,Bay of Biscay and the Iberian Coast,Fish
127191,Salmo salar,Celtic Seas,Fish
127192,Salmo salar,Faroes ,Fish
127193,Salmo salar,Greater North Sea,Fish
127194,Salmo salar,Greenland Sea,Fish
127195,Salmo salar,Icelandic Waters,Fish
127196,Salmo salar,Norwegian Sea,Fish
127197,Salmo salar,Oceanic Northeast Atlantic,Fish
10295,Anguilla anguilla,Azores,Fish
10296,Anguilla anguilla,Baltic Sea,Fish
10297,Anguilla anguilla,Barents Sea,Fish
10298,Anguilla anguilla,Bay of Biscay and the Iberian Coast,Fish
10299,Anguilla anguilla,Celtic Seas,Fish
10300,Anguilla anguilla,Faroes ,Fish
10301,Anguilla anguilla,Greater North Sea,Fish
10302,Anguilla anguilla,Greenland Sea,Fish
10303,Anguilla anguilla,Icelandic Waters,Fish
10304,Anguilla anguilla,Norwegian Sea,Fish
10305,Anguilla anguilla,Oceanic Northeast Atlantic,Fish
